rs6413432,rs780094,rs738409,rs3813867,rs1260326,Gender,Hedef
1,1,1,1,0,1,1
1,1,-1,1,0,0,1
1,1,-1,1,1,0,1
1,1,-1,1,1,0,1
1,1,1,1,1,0,1
1,1,1,1,1,1,1
1,1,1,1,0,1,1
1,1,-1,1,0,0,1
1,1,-1,1,1,1,1
1,1,1,1,0,1,1
0,1,0,1,0,0,1
1,1,-1,1,0,1,1
1,1,1,1,1,1,1
1,1,1,1,0,1,1
1,1,-1,1,0,0,1
1,1,1,1,0,0,1
1,1,0,1,0,0,1
0,1,0,1,0,0,1
1,1,0,1,0,0,1
1,1,0,1,0,1,1
0,1,-1,0,1,1,1
1,1,-1,1,0,1,1
0,1,1,1,1,1,1
0,1,-1,1,1,0,1
0,1,1,1,0,0,1
0,1,-1,0,1,1,1
0,0,-1,1,1,0,1
0,1,1,1,0,0,1
1,1,1,1,0,1,1
1,1,1,1,0,0,1
0,1,0,1,0,0,1
0,1,1,1,-1,0,1
1,1,-1,1,0,1,1
1,1,1,1,0,0,1
1,1,1,1,0,1,1
1,1,1,1,-1,1,1
1,1,1,1,0,0,1
1,1,-1,1,1,1,1
1,1,-1,1,1,1,1
1,1,-1,1,0,1,1
1,1,1,0,0,1,1
0,1,-1,0,0,1,1
1,1,1,1,0,1,1
1,1,-1,1,1,0,1
1,1,0,1,-1,0,1
1,-1,0,1,0,1,1
1,1,0,1,0,0,1
1,1,1,1,0,1,1
1,-1,1,1,-1,0,1
1,1,1,1,1,0,1
1,1,0,1,0,0,1
1,1,-1,1,1,1,1
0,-1,0,1,1,1,1
1,1,1,1,-1,0,1
0,1,-1,1,0,0,1
0,1,0,1,1,1,1
1,1,1,1,0,1,1
1,1,1,1,0,0,1
1,1,1,1,0,0,1
0,1,-1,0,0,1,1
0,1,1,1,-1,1,1
0,1,1,1,1,0,1
1,1,1,1,0,0,1
1,1,-1,1,1,1,1
1,1,-1,1,1,0,1
1,1,0,1,1,0,1
1,1,-1,1,1,0,1
1,1,1,1,1,1,1
1,1,0,1,1,1,1
1,1,-1,1,0,0,1
0,1,1,1,-1,1,1
1,1,-1,1,0,1,1
1,1,1,1,1,0,1
0,1,-1,1,1,1,1
0,1,0,1,-1,0,1
1,1,-1,1,1,1,1
1,0,1,1,0,0,1
1,1,0,1,0,1,1
1,1,-1,1,1,0,1
1,1,1,1,1,1,1
1,1,-1,1,0,1,1
1,1,-1,1,0,1,1
1,1,1,1,1,0,1
0,1,1,1,0,1,1
1,1,-1,1,1,0,1
0,1,1,1,0,1,1
1,1,0,1,1,0,1
1,-1,1,1,1,1,1
1,1,-1,1,0,0,1
1,1,0,1,0,1,1
1,1,0,1,0,1,1
1,1,0,1,0,0,1
1,1,1,1,-1,0,1
1,1,-1,1,0,1,1
1,1,0,1,0,1,1
1,1,-1,1,0,1,1
1,1,1,1,0,1,1
0,1,1,1,0,0,1
1,1,1,1,1,0,1
1,1,1,1,1,0,1
1,1,-1,1,0,1,1
1,1,1,1,0,1,1
1,1,-1,1,0,1,1
1,1,1,1,0,0,1
0,1,0,1,1,0,1
0,1,-1,1,-1,1,1
0,1,1,1,1,0,1
1,1,-1,1,-1,1,1
1,1,0,1,0,0,1
1,1,1,1,0,0,1
1,1,1,1,0,1,1
1,1,0,1,0,1,1
1,1,-1,1,0,0,1
1,1,1,1,-1,1,1
1,1,0,1,0,0,1
1,1,1,1,1,1,1
1,1,0,1,0,1,1
1,1,0,1,1,1,1
1,1,-1,1,1,1,1
1,1,1,1,1,1,1
1,1,1,1,-1,0,1
1,1,0,1,-1,0,1
1,1,1,1,0,0,1
0,1,1,1,-1,0,1
0,1,1,1,1,1,1
1,1,0,1,1,0,1
1,1,0,1,1,0,1
1,1,0,1,-1,0,1
1,1,1,1,1,1,1
1,1,-1,1,1,1,1
1,1,-1,1,1,0,1
1,1,-1,1,1,0,1
0,1,0,1,-1,0,1
1,1,-1,1,1,0,1
1,1,0,1,0,0,1
1,1,-1,1,0,0,1
1,1,0,1,-1,0,1
1,1,0,1,1,1,1
1,1,-1,1,1,0,1
1,1,0,1,1,0,1
1,1,-1,1,0,1,1
1,1,-1,1,0,1,1
1,1,1,1,1,1,1
1,1,0,1,0,0,1
1,1,-1,1,1,0,1
1,1,-1,1,1,1,1
1,1,-1,1,-1,0,1
1,1,0,1,0,1,1
1,1,0,1,1,0,1
1,1,0,1,1,1,1
1,1,1,1,1,0,1
1,1,0,1,1,1,1
1,1,-1,1,1,1,1
1,1,0,1,1,0,1
1,1,0,1,1,1,1
-1,1,-1,1,-1,0,1
1,1,0,1,-1,0,1
1,1,0,1,0,1,1
1,1,-1,0,0,1,1
-1,1,0,1,-1,0,1
1,1,0,1,-1,0,1
0,1,0,1,1,1,1
1,1,-1,1,0,1,1
1,1,-1,1,0,0,1
1,1,1,1,0,0,1
1,1,-1,1,1,0,1
1,1,-1,1,1,1,1
1,1,0,1,0,0,1
1,1,-1,1,1,0,1
1,1,0,1,0,0,1
1,1,-1,1,0,1,1
1,1,1,1,0,1,1
1,1,0,1,1,0,1
1,1,-1,1,-1,1,1
1,1,-1,1,0,0,1
1,1,0,1,0,1,1
1,1,0,1,1,0,1
1,1,-1,1,0,0,1
1,1,-1,1,1,1,1
1,1,1,1,0,0,1
1,1,0,1,0,1,1
1,1,-1,1,0,0,1
1,1,1,1,1,1,1
1,1,0,1,0,0,1
1,1,0,1,1,0,1
1,1,-1,1,1,1,1
1,1,-1,1,0,0,1
1,1,1,1,1,1,1
-1,1,-1,1,0,0,1
0,1,1,1,1,0,1
1,1,-1,1,0,1,1
1,1,-1,1,0,1,1
1,1,1,1,-1,1,1
1,1,0,1,-1,1,1
1,1,1,1,1,0,1
1,1,1,1,1,1,1
1,1,-1,1,0,0,1
1,1,-1,1,0,0,1
1,1,-1,1,1,1,1
1,1,-1,1,1,0,1
1,1,0,1,1,1,1
1,1,1,1,-1,1,1
1,1,1,1,0,1,1
1,1,0,1,1,0,1
1,1,0,1,0,0,1
1,1,1,1,1,0,1
1,1,0,1,1,0,1
1,1,1,1,1,0,1
1,1,-1,1,0,1,1
1,1,-1,1,0,1,1
1,1,-1,1,0,0,1
1,1,0,1,0,0,1
1,1,0,1,1,0,1
1,1,1,1,1,0,1
1,1,1,1,1,0,1
1,1,-1,1,0,0,1
1,1,0,1,0,1,1
1,1,0,1,-1,0,1
1,-1,0,1,0,1,1
1,-1,1,1,1,1,1
0,1,-1,1,1,1,1
1,1,1,1,1,1,1
1,0,0,1,-1,0,1
1,1,-1,1,0,0,1
1,1,-1,1,0,0,1
1,1,1,1,0,0,1
1,1,1,1,0,1,1
1,1,0,1,1,1,1
1,1,1,1,0,0,1
1,1,1,1,-1,1,1
0,1,1,1,-1,1,1
1,1,0,1,0,0,1
1,1,1,1,0,0,1
1,1,1,1,0,0,1
0,1,1,1,1,1,1
1,1,1,1,0,1,1
1,1,0,1,-1,0,1
0,1,0,1,1,0,1
1,1,1,1,0,1,1
0,1,1,1,1,1,1
1,1,1,1,0,0,1
1,1,-1,1,-1,0,1
0,1,1,1,0,1,1
1,1,-1,1,1,0,1
1,1,0,1,1,0,1
0,1,-1,0,0,0,0
1,1,-1,1,-1,0,0
1,1,0,1,-1,0,0
1,1,-1,1,0,1,0
1,1,0,1,-1,0,0
1,1,0,1,-1,0,0
1,1,-1,1,1,0,0
1,1,0,1,0,0,0
1,1,1,1,-1,0,0
0,1,0,1,-1,1,0
1,1,0,1,0,1,0
1,1,0,1,-1,0,0
1,1,0,1,-1,1,0
1,1,-1,1,0,1,0
1,1,-1,0,-1,0,0
0,1,-1,1,-1,1,0
0,1,-1,0,1,1,0
1,1,-1,1,1,1,0
1,1,0,1,1,0,0
1,1,1,1,1,0,0
1,1,-1,1,-1,0,0
1,1,0,1,1,0,0
1,1,-1,1,1,0,0
0,1,0,1,0,0,0
1,1,-1,1,0,0,0
1,1,-1,1,-1,0,0
0,1,0,0,0,0,0
1,1,1,1,0,0,0
1,1,-1,1,0,0,0
1,1,-1,1,0,0,0
-1,1,-1,1,0,0,0
1,1,1,1,1,0,0
1,1,0,1,-1,1,0
1,1,-1,1,-1,0,0
1,-1,-1,1,0,1,0
0,-1,1,1,-1,1,0
1,-1,-1,1,0,0,0
1,1,0,1,-1,1,0
0,1,-1,1,0,0,0
1,1,0,1,0,0,0
1,1,-1,1,0,0,0
1,1,-1,1,0,0,0
0,1,0,0,0,0,0
1,1,0,1,0,0,0
1,1,0,1,0,1,0
1,1,-1,1,-1,0,0
1,1,-1,1,0,0,0
1,1,0,1,1,0,0
1,1,0,1,1,0,0
0,1,-1,1,1,1,0
1,1,-1,1,1,1,0
1,1,-1,1,0,0,0
1,1,-1,1,0,0,0
0,1,-1,0,0,0,0
1,1,0,1,1,0,0
1,1,0,1,-1,1,0
1,1,-1,1,0,0,0
1,1,-1,1,1,1,0
1,1,0,1,-1,1,0
1,1,-1,1,0,0,0
1,1,0,1,0,0,0
1,1,1,1,0,1,0
1,1,0,1,0,1,0
1,1,-1,1,1,1,0
0,1,-1,1,1,1,0
1,1,-1,1,0,0,0
1,1,0,1,0,1,0
1,1,-1,1,0,1,0
0,1,-1,1,1,0,0
1,1,-1,1,0,1,0
1,1,-1,1,0,1,0
1,1,0,1,1,1,0
1,1,0,1,0,0,0
1,1,0,1,1,0,0
1,1,-1,1,1,0,0
1,1,0,1,0,0,0
1,1,-1,1,1,1,0
1,1,-1,1,0,0,0
1,1,0,1,0,1,0
1,1,0,1,0,0,0
1,1,0,1,0,0,0
1,-1,1,1,0,0,0
1,1,0,1,0,0,0
1,1,-1,1,1,0,0
0,1,1,0,1,0,0
1,1,0,1,0,1,0
1,1,-1,1,0,0,0
1,1,-1,1,-1,0,0
1,1,-1,1,0,1,0
1,1,1,1,0,0,0
0,1,-1,0,0,1,0
1,1,-1,1,0,0,0
1,1,-1,1,1,1,0
1,1,-1,1,0,1,0
1,1,0,1,-1,0,0
1,1,-1,1,1,0,0
1,1,-1,1,0,0,0
0,1,-1,1,1,0,0
1,1,0,1,0,1,0
1,1,0,1,1,0,0
1,1,-1,1,-1,1,0
1,1,-1,1,-1,0,0
1,1,0,1,1,1,0
1,1,-1,1,-1,1,0
-1,1,-1,1,1,0,0
1,1,-1,1,0,0,0
1,1,-1,1,0,0,0
1,1,-1,1,0,0,0
1,1,0,1,0,0,0
0,1,0,1,0,1,0
1,1,-1,1,1,0,0
1,1,0,1,0,0,0
1,1,-1,1,-1,1,0
1,1,-1,1,-1,1,0
0,1,-1,0,0,0,0
0,1,0,1,-1,0,0
1,1,-1,1,1,0,0
1,1,-1,1,1,0,0
1,1,-1,1,-1,0,0
1,1,1,1,0,0,0
